{
  "version": 1,
  "order": "vertical_then_horizontal",
  "pre_stitch_shape": [
    3000,
    4000
  ],
  "estimation_frame": [
    0,
    1788
  ],
  "left": {
    "offset_y": 1232.6154111457458,
    "offset_x": 26.84376256580927,
    "crop_bounds": [
      0,
      2732,
      27,
      2000
    ],
    "cropped_shape": [
      2732,
      1973
    ]
  },
  "right": {
    "offset_y": 1196.8809549169403,
    "offset_x": -25.78253574063791,
    "crop_bounds": [
      0,
      2696,
      26,
      2000
    ],
    "cropped_shape": [
      2696,
      1974
    ]
  },
  "final": {
    "offset_y": -4.999697940020155,
    "offset_x": 1770.018228381954,
    "crop_bounds": [
      5,
      2696,
      0,
      3744
    ],
    "cropped_shape": [
      2691,
      3744
    ]
  },
  "crop_bounds": [
    5,
    2696,
    0,
    3744
  ],
  "cropped_stitch_shape": [
    2691,
    3744
  ]
}